{"cameraMode":{"drawMode":0,"name":"Shaded","section":"Shading Mode"},"sceneLighting":false,"audioPlay":false,"sceneViewState":{"m_AlwaysRefresh":false,"showFog":true,"showSkybox":false,"showFlares":true,"showImageEffects":true,"showParticleSystems":true,"showVisualEffectGraphs":true,"m_FxEnabled":true},"in2DMode":false,"pivot":{"x":-2.016606330871582,"y":0.6956353187561035,"z":0.14458811283111573},"rotation":{"x":-0.10542944073677063,"y":0.8432794809341431,"z":0.17948773503303529,"w":0.4955775737762451},"size":1.1803432703018189,"orthographic":false}